id,category,product_surface,current_copy,option_A,option_B,preferred (A/B/tie),why (optional)
7d029e36-d8e2-5215-ad72-0828fdbbb776,accessibility_label,avatar menu,Menu,Account menu,Open account menu,,
1b27c53f-f552-5497-940e-ab449753d479,inline_error,username field,Invalid username.,Username must be 20 characters or fewer,Use 20 characters or fewer,,
056f082e-2cbe-534b-901f-6bbb773100c4,system_error,regulated finance app,Can't continue.,We couldn't verify your identity. Upload a clear photo of your government ID to continue.,We couldn't verify your identity. Try again or contact support.,,
5837bfc4-9ce1-57c5-8b8f-49ec2b43f516,button,benefits application,Proceed with submission,Submit application,Submit application,,
b26a13b2-9ecf-5112-ad53-7e12b75b49bd,empty_state,heuristic review,Too much text.,No messages yet. Start a conversation to see messages here.,Use only the explanation users need to act.,,
f6002fc8-d964-5bf0-9e1f-132bbed6d1ce,button,comment box,Post,Comment,Reply,,
a3781b1f-65f8-539f-835f-e5c34549ced8,system_error,report builder,Resource limit exceeded.,This report is too large to build right now. Try fewer filters or a smaller date range.,This report is too large to build. Try fewer filters or a shorter date range.,,
92f1f5b6-2aa8-56ef-af47-0dbff03cabb0,inline_error,age field,Wrong,Enter your age in years,Enter an age between 13 and 120.,,
9ea06583-2eb2-5afb-bb6e-7f06fb61a5e0,onboarding,note app,Explore.,Browse templates to get started.,Browse templates to get started,,
b138a4fa-e2bf-5e77-8e58-baa1369f0ce4,form_label,team settings,Max,Maximum seats,Maximum seats,,
aae126d7-bb4c-5402-9dcb-906a027b296e,form_label,developer console,Thing name,API key name,Key name,,
66886999-4932-5715-8a1d-131b751dc894,system_error,government account,Verification exception.,We couldn't verify your identity. Upload a clear photo of your ID and try again.,We couldn't verify your identity. Upload a clear photo of your ID and try again.,,
a08259bc-5bd5-5368-ab22-34045790b5e0,accessibility_label,table row action,Click the dots,Open row actions,Open row actions,,
b40a5b73-2d9c-5ff3-bc41-cd3f9dcd8cca,accessibility_label,icon-only search control,Go,Search,Search,,
d81846ca-a079-5d59-8221-579d4223b568,inline_error,url field,Bad URL,"Enter a full URL, like https://example.com","Enter a valid URL, like https://example.com",,
2b643634-8573-52e3-96c0-c92376422244,destructive_confirmation,photo library,Ready to clean up?,Delete 12 memories? This can't be undone.,Delete 18 memories? They'll go to the trash for 30 days.,,
8d98bde5-a315-51a8-a2eb-49cd19128ff9,notification,quick exposure test,Users missed it.,Test showed users missed the skip option.,Test showed users missed the skip option.,,
5648bc61-ad0d-5711-8fd9-5264b765ca6c,form_label,map goal picker,Goals,Choose goals,What are you mapping for?,,
b8678501-7aaf-5c9c-b01a-5dc96faec677,notification,travel app,Grab a weekend escape.,Book a short trip this weekend,Weekend getaways from $129,,
f46cb711-8148-506e-acf5-3b00265ce23b,button,order admin,Do it,Mark as fulfilled,Fulfill order,,
cbc5df0c-b008-5ecd-8085-e8b5f2927847,destructive_confirmation,project settings,Remove?,Remove this project? All files and shared access will be lost.,Remove project? Its files and activity will be deleted.,,
1f1e3d8d-1316-5b3d-82d3-516325f210c3,accessibility_label,image upload preview,Image,"Team photo at the office, everyone smiling.",Image of a person holding a blue coffee mug,,
200c2f7e-1308-50e7-aec6-df0a03f0d4ac,system_error,checkout,Out of stock error.,This item is now out of stock. Choose another size or we'll email you when it's back.,This item is now out of stock. Choose another quantity or we'll email you when it's back.,,
479c2fe9-02df-54dd-9fb6-06671980971e,notification,billing,It worked,Payment received — your invoice is settled.,Payment received for invoice {{ invoice_number }},,
dd4591fb-6895-5354-8f49-1163556ed432,onboarding,developer API dashboard,Make your access thing.,Create your API key,Create your API key,,
73ba8c90-0103-5542-93ef-a8f7bc5f6403,button,checkout action,Let's seal the deal,Place order,Place order,,
e6f12ec5-4afd-5f6d-8f6f-b5dbb4afe45e,onboarding,project setup,Configure additional metadata.,Add details about your project,Add project details,,
181fdd5e-fad0-513e-bd4f-101465c8e62f,notification,storage,Almost full.,You're close to your storage limit. Add more space or remove files you no longer need.,You're using 92% of your storage. Add more space to keep uploading.,,
591b5bf2-55ae-57b6-9d3e-52bcb0ab0d9e,form_label,survey,Score,How likely are you to recommend us?,How likely are you to recommend us?,,
28152527-45ae-5422-81d6-b1f1a1838d66,empty_state,flow branch,Nothing here.,No products to import,No products to import. Continue to the next step.,,
b4566a23-3cc0-5f3b-b1d8-0bb70ec71b77,inline_error,password field,Bad password,Use at least 12 characters with a mix of letters and numbers,Use at least 8 characters with a mix of letters and numbers.,,
868b76f2-dbc0-5526-b052-8b868cda7672,onboarding,dev platform,Initialize.,Create your first project,Create your first project,,
54289596-c5e1-542c-8e09-6f667967af37,system_error,sync status,Could not complete operation.,Sync failed. Check your connection and try again.,Sync failed. Check your connection and try again.,,
10b80790-bb8a-5123-a7f6-baf2ebd5ad1f,system_error,permissions flow,Access error.,You don't have access to this page. Ask an admin to grant it.,We can't access your camera. Allow it in Settings to continue.,,
41bcb356-3dfa-5e36-83bf-651442d904cf,system_error,consent flow,Consent required.,Please accept the terms to continue.,You need to accept the terms to continue.,,
06369d52-7263-5002-b138-9060bd742e12,button,file uploader,Choose,Choose file,Choose document,,
fe60c2d3-5a73-5692-a092-7aa7d4efa601,empty_state,task list,You have no stuff.,No tasks yet. Add one to get started.,No tasks yet — add your first task to get started.,,
bbcac642-882a-57ed-abb5-61b906ba129a,inline_error,username field,Invalid characters,"Use only letters, numbers, periods, and underscores.","Use only letters, numbers, periods, and underscores.",,
e76ea160-fd61-5a73-a1a5-9b774ef9a793,notification,shipping,Shipped.,Your order has shipped. Track it in the app.,Your order is on its way. Track it to see the estimated delivery date.,,
268cf8df-6d49-5e83-8500-2219c514a322,system_error,settings save,An error occurred while processing your request.,We couldn't save your changes. Check your connection and try again.,We couldn't save your changes. Check your connection and try again.,,
29832314-2c74-531d-b578-847d495a72f1,form_label,email field,name@example.com,Email address,Email address,,
92df3263-d0e0-5b56-8557-69c05353aa78,system_error,settings page,The requested operation could not be completed.,We couldn't save your changes. Check your connection and try again.,We couldn't save your changes. Try again.,,
b57db7a7-4a80-5a0e-bf00-6dda2dda713b,onboarding,fitness app,Configure objectives.,What's your fitness goal?,Choose your goal,,
97ba8a78-4f0a-5ca2-aa42-817de18b142a,empty_state,messages inbox,Nothing to see here.,"No messages yet. When someone messages you, it'll show up here.","No messages yet. When someone messages you, conversations appear here.",,
a0b9532b-48c4-5557-bcce-9cc4ac2d274d,empty_state,transactions list,Nothing.,No transactions yet — they'll show up here once you start.,"No transactions yet. When you make a purchase, it will show up here.",,
9eec4d2a-166a-5cde-b4c3-dcb9100adfb6,form_label,shipping form,ZIP code,Postal code,Postal code,,
97ce225c-c8d8-55ed-b65a-a70d21cc9f49,accessibility_label,download icon,Download,Download report,Download report,,
8c8a511c-167a-5a7c-852b-b2c2f237979b,system_error,work app,System failure 503.,We're having trouble connecting. Try again in a moment.,We're having trouble signing you in. Try again in a moment.,,
3a451b9e-4385-56ef-8555-bad4476866c3,system_error,file upload,Upload exception.,Upload failed. Check your connection and try again.,Upload failed. Check your connection and try again.,,
03b70045-3d07-517c-a874-096788ca343d,onboarding,email client,Add account.,Connect your email to start sending and receiving messages.,Connect your email to start receiving messages here.,,
93e970e7-1fd4-5df0-ae77-7780d79f3adb,button,reader mode,See it,Read article,Read without distractions,,
2003b341-f90d-5d54-bc84-83cc8d60cdaf,onboarding,setup checklist,Configure your operational parameters.,Set up your preferences to get started.,Set up your preferences,,
5fb3f28b-e961-5edb-af4e-a7a017c525ea,onboarding,new workspace setup,Set everything up now.,"Invite teammates, connect tools, and set preferences — or skip and add them later.","Invite your team, or skip this and add members later.",,
2502e0c1-4804-5e1b-85ab-faf5060ca029,inline_error,upload form,Not allowed,File too large. Choose one under 10 MB.,This file is too large. Choose one under 10 MB.,,
10a0bea8-c381-5701-965e-2232f27707b1,accessibility_label,informational chart,Bar chart,Bar chart showing monthly spending,Bar chart showing monthly spending,,
ddd2035a-0bf3-59af-ad65-5437024d92b6,accessibility_label,audio player,Play,Play audio,Play audio,,
58f2f406-27fc-58a7-89d9-8234409d8d57,destructive_confirmation,account settings,Delete?,Permanently delete your account? All data will be lost.,Permanently delete your account? All your data will be removed and can't be recovered.,,
ab3d9aa3-5666-5f07-8eb2-bb646cfbe9b2,form_label,permissions request,Permissions,Allow access to your calendar to schedule meetings.,App access needed,,
29a4b843-9995-5b67-8618-5a2eedbf9aba,inline_error,coupon field,Invalid code,This code expired on {{ date }},This code expired on {{ date }}. Browse current deals.,,
0276a5ce-3bad-5178-ab00-4cd22952467f,destructive_confirmation,billing,Cancel now?,"Cancel subscription? You'll keep access until the period ends, then it renews off.","Cancel your $12/month plan? You'll keep access until {{ period_end }}, then lose it.",,
f13e08bd-99dd-5ed2-9878-6ac12c1cae5f,notification,account page,Your Profile Has Been Updated!,Profile updated,Profile updated,,
53d96d74-510b-5d91-aaeb-4b4e62a63d51,button,API console,Generate,Generate key,Generate key,,
49f9f780-f2a3-5e92-8c6b-05afd9ec6bb8,destructive_confirmation,team admin,Remove user?,Remove {{ member_name }} from the team? They'll lose access to all shared projects right away.,Remove {{ member_name }} from the team? They'll lose access right away.,,
ba665399-4eda-5402-adf6-70976d34077b,form_label,account profile,Preferred pronouns,Pronouns,Pronouns,,
e93ff565-ffa2-512b-a838-e6f0ef6784bc,form_label,payment form,Exp,Expiration date,Expiration date,,
7267fe87-c6f6-5423-8d8a-cea41121e1ca,button,icon-only toolbar,Trash,Delete draft,Discard draft,,
b6b65bc8-89a7-5a3a-9298-9970cafc8a47,notification,document sharing,Success!,Share request sent. They'll get a link to view the file.,Share request sent. We'll let you know when they accept it.,,
83a95cc2-ffdf-5591-b71a-3ad22dd25037,button,settings helper,More info,Show setup help,Show settings help,,
79d40f4a-6bc1-5b82-9277-4102f0cd7fc3,system_error,billing settings,Oopsie! We hit a snag.,We couldn't save your billing details. Check your connection and try again.,We couldn't save your billing details. Check your connection and try again.,,
1c748e29-a79d-502a-bbd7-471cd551c374,notification,import review,There are several rows in the imported file that may require additional review before they can be used.,Review a few rows before using this import,Review rows that need attention before using this file.,,
990f86ad-e26c-50b8-8a63-80a1bb976c1c,notification,calendar,Reminder.,Your team standup starts in 5 minutes.,Your team sync starts in 10 minutes.,,
34b83b13-da37-51c7-80ad-b76605d2b2db,system_error,comprehension survey,Confusing.,This message was hard to understand.,Users misunderstood a payment error,,
99de9f25-5d66-5a40-b4e9-e4541ae0dfcc,onboarding,prototype setup,Complete configuration to proceed.,Set up your prototype,Set up your first project to test this flow.,,
c5bd8d6d-ab96-5984-a4f1-365bb4312343,onboarding,identity form,SIN,Social insurance number,Social insurance number,,
2894e128-665a-5495-b77b-0ccd47d4bb13,destructive_confirmation,files,Proceed,Delete shared file? Everyone with the link will lose access.,Delete shared file? Everyone with the link will lose access.,,
15564122-6677-52f6-ae80-88cdf8cff59c,form_label,billing form,Code?,Promo code,Promo code,,
34094207-d442-53d3-908b-06ef5f1f08ed,system_error,invoice payment,There was a problem.,Payment failed. Check your details and try again.,Payment failed. Check your details and try again.,,
fd604972-e6a0-5184-97d8-a4708003994d,notification,background upload,Working...,Uploading file,Uploading file,,
6a149215-0bbb-5e17-914e-498acc02df61,button,accounting dashboard,Get data,Export report,Export CSV,,
e3ca30fe-4383-5de6-ba7f-1ac984bd2947,button,support article,More,Show related articles,View related articles,,
7b002a03-e773-5daa-8685-c9ea6727b255,inline_error,required setup field,Missing.,Enter your email address,Add your email to continue,,
7b1fb7b1-83ba-5d98-b865-39f3f62effd2,empty_state,broken link page,404,This page isn't available. Go back to where you were.,We can't find this page. Check the link or go back home.,,
5510b6a4-32f1-52b8-a7ad-87cb78795a47,button,desktop settings,Activate functionality,Enable notifications,Enable notifications,,
8188072c-d8e4-57e3-ac5b-0f4ed29ec554,onboarding,identity verification,Enter your personal info.,Share your legal name and date of birth to verify your identity.,Share your legal name and date of birth to verify your identity.,,
ed9d8030-71f7-53d5-a600-6d568d05ee77,empty_state,audit log,Empty log.,No activity yet. Actions on this account will appear here.,No audit events yet. They'll appear here as your team uses the app.,,
01d43083-df42-59c2-9f67-cc1ccd5ca58c,empty_state,order history,No order entities.,No orders yet,No orders yet,,
1eaca523-bf24-5702-aabd-76c52f3ea07a,destructive_confirmation,account settings,Are you sure?,Delete account? You'll lose access to all your data immediately.,Delete account? Your profile and data will be removed. This can't be undone.,,
20e9769c-2bbd-5e74-9b1b-88b42556e35f,button,subscription page,Plans,Compare plans,Compare plans,,
43a73793-86bb-54d0-bb5e-9dd7c62026d4,accessibility_label,external link,Click here,Read the return policy,Read WCAG guidelines on the W3C site,,
73008119-3ff8-51c2-b133-8d1ffc40788a,inline_error,card field,Bad card,Enter a full card number,Enter a valid card number,,
